timestamp, utilization.gpu [%], utilization.memory [%], memory.used [MiB], memory.total [MiB], power.draw [W]
2026/04/05 18:06:03.739, 0, 0, 351, 16303, 21.25
2026/04/05 18:06:04.750, 0, 0, 351, 16303, 21.31
2026/04/05 18:06:05.750, 0, 0, 351, 16303, 21.04
2026/04/05 18:06:06.750, 0, 0, 351, 16303, 21.05
2026/04/05 18:06:07.750, 0, 0, 351, 16303, 21.07
2026/04/05 18:06:08.750, 0, 0, 351, 16303, 21.08
2026/04/05 18:06:09.751, 0, 0, 351, 16303, 21.04
2026/04/05 18:06:10.751, 0, 0, 351, 16303, 21.00
2026/04/05 18:06:11.751, 0, 0, 351, 16303, 20.99
2026/04/05 18:06:12.751, 0, 0, 351, 16303, 20.94
2026/04/05 18:06:13.751, 0, 0, 351, 16303, 21.13
2026/04/05 18:06:14.752, 0, 0, 351, 16303, 21.09
2026/04/05 18:06:15.752, 0, 0, 351, 16303, 21.03
2026/04/05 18:06:16.752, 0, 0, 351, 16303, 20.95
2026/04/05 18:06:17.752, 0, 0, 351, 16303, 20.85
2026/04/05 18:06:18.752, 0, 0, 351, 16303, 21.07
2026/04/05 18:06:19.753, 0, 0, 351, 16303, 20.94
2026/04/05 18:06:20.753, 0, 0, 351, 16303, 20.72
2026/04/05 18:06:21.753, 0, 0, 351, 16303, 20.85
2026/04/05 18:06:22.753, 0, 0, 351, 16303, 20.99
2026/04/05 18:06:23.753, 0, 0, 351, 16303, 21.20
2026/04/05 18:06:24.754, 0, 0, 351, 16303, 21.17
2026/04/05 18:06:25.754, 0, 0, 351, 16303, 21.10
2026/04/05 18:06:26.754, 0, 0, 351, 16303, 21.18
2026/04/05 18:06:27.754, 0, 0, 351, 16303, 21.24
2026/04/05 18:06:28.754, 0, 0, 351, 16303, 21.03
2026/04/05 18:06:29.755, 0, 0, 351, 16303, 21.15
2026/04/05 18:06:30.755, 0, 0, 351, 16303, 20.97
2026/04/05 18:06:31.755, 0, 0, 351, 16303, 21.12
2026/04/05 18:06:32.755, 0, 0, 351, 16303, 21.09
2026/04/05 18:06:33.755, 0, 0, 351, 16303, 21.20
2026/04/05 18:06:34.756, 0, 0, 351, 16303, 21.11
2026/04/05 18:06:35.756, 0, 0, 351, 16303, 20.95
2026/04/05 18:06:36.756, 0, 0, 351, 16303, 21.05
2026/04/05 18:06:37.756, 0, 0, 351, 16303, 21.17
2026/04/05 18:06:38.756, 0, 0, 351, 16303, 21.21
2026/04/05 18:06:39.757, 0, 0, 351, 16303, 21.37
2026/04/05 18:06:40.757, 0, 0, 351, 16303, 21.21
2026/04/05 18:06:41.757, 0, 0, 351, 16303, 21.26
2026/04/05 18:06:42.757, 0, 0, 351, 16303, 21.24
2026/04/05 18:06:43.758, 0, 0, 351, 16303, 21.13
2026/04/05 18:06:44.758, 0, 0, 351, 16303, 21.11
2026/04/05 18:06:45.758, 0, 0, 351, 16303, 21.09
2026/04/05 18:06:46.758, 0, 0, 351, 16303, 21.29
2026/04/05 18:06:47.758, 0, 0, 351, 16303, 21.19
2026/04/05 18:06:48.759, 0, 0, 351, 16303, 21.12
2026/04/05 18:06:49.759, 0, 0, 351, 16303, 20.81
2026/04/05 18:06:50.759, 0, 0, 351, 16303, 20.80
2026/04/05 18:06:51.759, 0, 0, 351, 16303, 21.30
2026/04/05 18:06:52.760, 0, 0, 351, 16303, 21.23
2026/04/05 18:06:53.760, 0, 0, 351, 16303, 21.08
2026/04/05 18:06:54.760, 0, 0, 351, 16303, 20.97
2026/04/05 18:06:55.760, 0, 0, 351, 16303, 20.97
2026/04/05 18:06:56.760, 0, 0, 351, 16303, 21.15
2026/04/05 18:06:57.761, 0, 0, 351, 16303, 21.07
2026/04/05 18:06:58.761, 0, 0, 351, 16303, 21.34
2026/04/05 18:06:59.761, 0, 0, 351, 16303, 21.25
2026/04/05 18:07:00.761, 0, 0, 351, 16303, 21.09
2026/04/05 18:07:01.761, 0, 0, 351, 16303, 21.25
2026/04/05 18:07:02.761, 0, 0, 351, 16303, 21.37
2026/04/05 18:07:03.762, 0, 0, 351, 16303, 21.18
2026/04/05 18:07:04.762, 0, 0, 351, 16303, 21.21
2026/04/05 18:07:05.762, 0, 0, 351, 16303, 21.19
2026/04/05 18:07:06.762, 0, 0, 351, 16303, 21.25
2026/04/05 18:07:07.764, 0, 0, 351, 16303, 21.36
2026/04/05 18:07:08.764, 0, 0, 351, 16303, 21.38
2026/04/05 18:07:09.764, 0, 0, 351, 16303, 21.36
2026/04/05 18:07:10.765, 0, 0, 351, 16303, 21.25
2026/04/05 18:07:11.765, 0, 0, 351, 16303, 21.24
2026/04/05 18:07:12.765, 0, 0, 351, 16303, 21.32
2026/04/05 18:07:13.765, 0, 0, 351, 16303, 21.11
2026/04/05 18:07:14.765, 0, 0, 351, 16303, 21.05
2026/04/05 18:07:15.766, 0, 0, 351, 16303, 21.12
2026/04/05 18:07:16.766, 0, 0, 351, 16303, 21.04
2026/04/05 18:07:17.766, 0, 0, 351, 16303, 21.11
2026/04/05 18:07:18.766, 0, 0, 351, 16303, 21.02
2026/04/05 18:07:19.766, 0, 0, 351, 16303, 21.00
2026/04/05 18:07:20.767, 0, 0, 351, 16303, 20.92
2026/04/05 18:07:21.767, 0, 0, 351, 16303, 20.99
2026/04/05 18:07:22.767, 0, 0, 351, 16303, 21.29
2026/04/05 18:07:23.767, 0, 0, 351, 16303, 21.24
2026/04/05 18:07:24.767, 0, 0, 351, 16303, 21.05
2026/04/05 18:07:25.768, 0, 0, 351, 16303, 21.17
2026/04/05 18:07:26.768, 0, 0, 351, 16303, 21.29
2026/04/05 18:07:27.768, 0, 0, 351, 16303, 21.22
2026/04/05 18:07:28.768, 0, 0, 351, 16303, 21.15
2026/04/05 18:07:29.768, 0, 0, 351, 16303, 21.07
2026/04/05 18:07:30.769, 0, 0, 351, 16303, 20.97
2026/04/05 18:07:31.769, 0, 0, 351, 16303, 20.90
2026/04/05 18:07:32.769, 0, 0, 351, 16303, 21.04
2026/04/05 18:07:33.769, 0, 0, 351, 16303, 20.96
2026/04/05 18:07:34.769, 0, 0, 351, 16303, 20.92
2026/04/05 18:07:35.770, 0, 0, 351, 16303, 21.04
2026/04/05 18:07:36.770, 0, 0, 351, 16303, 21.08
2026/04/05 18:07:37.770, 0, 0, 351, 16303, 21.29
2026/04/05 18:07:38.770, 0, 0, 351, 16303, 21.15
2026/04/05 18:07:39.770, 0, 0, 351, 16303, 20.93
2026/04/05 18:07:40.771, 0, 0, 351, 16303, 20.86
2026/04/05 18:07:41.771, 0, 0, 351, 16303, 20.92
2026/04/05 18:07:42.771, 0, 0, 351, 16303, 21.02
2026/04/05 18:07:43.771, 0, 0, 351, 16303, 21.17
2026/04/05 18:07:44.771, 0, 0, 351, 16303, 21.18
2026/04/05 18:07:45.772, 0, 0, 351, 16303, 21.09
2026/04/05 18:07:46.772, 0, 0, 351, 16303, 20.85
2026/04/05 18:07:47.772, 0, 0, 351, 16303, 21.26
2026/04/05 18:07:48.772, 0, 0, 351, 16303, 21.15
2026/04/05 18:07:49.772, 0, 0, 351, 16303, 21.03
2026/04/05 18:07:50.773, 0, 0, 351, 16303, 21.02
2026/04/05 18:07:51.773, 0, 0, 351, 16303, 20.96
2026/04/05 18:07:52.773, 0, 0, 351, 16303, 20.82
2026/04/05 18:07:53.773, 0, 0, 351, 16303, 20.75
2026/04/05 18:07:54.773, 0, 0, 351, 16303, 20.54
2026/04/05 18:07:55.774, 0, 0, 351, 16303, 20.56
2026/04/05 18:07:56.774, 0, 0, 351, 16303, 20.67
2026/04/05 18:07:57.774, 0, 0, 351, 16303, 20.78
2026/04/05 18:07:58.774, 0, 0, 351, 16303, 20.94
2026/04/05 18:07:59.774, 0, 0, 351, 16303, 20.88
2026/04/05 18:08:00.775, 0, 0, 351, 16303, 20.63
2026/04/05 18:08:01.775, 0, 0, 351, 16303, 20.36
2026/04/05 18:08:02.775, 0, 0, 351, 16303, 20.51
2026/04/05 18:08:03.775, 0, 0, 351, 16303, 20.72
2026/04/05 18:08:04.775, 0, 0, 351, 16303, 20.83
2026/04/05 18:08:05.776, 0, 0, 351, 16303, 20.77
2026/04/05 18:08:06.776, 0, 0, 351, 16303, 20.67
2026/04/05 18:08:07.776, 0, 0, 351, 16303, 20.74
2026/04/05 18:08:08.776, 0, 0, 351, 16303, 20.68
2026/04/05 18:08:09.776, 0, 0, 351, 16303, 20.71
2026/04/05 18:08:10.777, 0, 0, 351, 16303, 20.51
2026/04/05 18:08:11.777, 0, 0, 351, 16303, 20.63
2026/04/05 18:08:12.777, 0, 0, 351, 16303, 20.73
2026/04/05 18:08:13.777, 0, 0, 351, 16303, 20.81
2026/04/05 18:08:14.777, 0, 0, 351, 16303, 20.81
2026/04/05 18:08:15.778, 0, 0, 351, 16303, 20.79
2026/04/05 18:08:16.778, 0, 0, 351, 16303, 20.74
2026/04/05 18:08:17.778, 0, 0, 351, 16303, 20.80
2026/04/05 18:08:18.778, 0, 0, 351, 16303, 20.94
2026/04/05 18:08:19.778, 0, 0, 351, 16303, 20.86
2026/04/05 18:08:20.779, 0, 0, 351, 16303, 20.80
2026/04/05 18:08:21.779, 0, 0, 351, 16303, 20.85
2026/04/05 18:08:22.779, 0, 0, 351, 16303, 20.91
2026/04/05 18:08:23.779, 0, 0, 351, 16303, 21.09
2026/04/05 18:08:24.779, 0, 0, 351, 16303, 21.07
2026/04/05 18:08:25.780, 0, 0, 351, 16303, 20.94
2026/04/05 18:08:26.780, 0, 0, 351, 16303, 20.86
2026/04/05 18:08:27.780, 0, 0, 351, 16303, 20.99
2026/04/05 18:08:28.780, 0, 0, 351, 16303, 21.19
2026/04/05 18:08:29.780, 0, 0, 351, 16303, 21.04
2026/04/05 18:08:30.781, 0, 0, 351, 16303, 21.25
2026/04/05 18:08:31.781, 0, 0, 351, 16303, 21.21
2026/04/05 18:08:32.781, 0, 0, 351, 16303, 21.17
2026/04/05 18:08:33.781, 0, 0, 351, 16303, 21.17
2026/04/05 18:08:34.781, 0, 0, 351, 16303, 21.07
2026/04/05 18:08:35.782, 0, 0, 351, 16303, 20.88
2026/04/05 18:08:36.782, 0, 0, 351, 16303, 21.11
2026/04/05 18:08:37.782, 0, 0, 351, 16303, 21.06
2026/04/05 18:08:38.782, 0, 0, 351, 16303, 21.15
2026/04/05 18:08:39.782, 0, 0, 351, 16303, 21.20
2026/04/05 18:08:40.783, 0, 0, 351, 16303, 21.27
2026/04/05 18:08:41.783, 0, 0, 351, 16303, 21.21
2026/04/05 18:08:42.783, 0, 0, 351, 16303, 21.22
2026/04/05 18:08:43.783, 0, 0, 351, 16303, 21.17
2026/04/05 18:08:44.783, 0, 0, 351, 16303, 21.17
2026/04/05 18:08:45.784, 0, 0, 351, 16303, 21.08
2026/04/05 18:08:46.784, 0, 0, 351, 16303, 20.94
2026/04/05 18:08:47.784, 0, 0, 351, 16303, 20.94
2026/04/05 18:08:48.784, 0, 0, 351, 16303, 20.86
2026/04/05 18:08:49.784, 0, 0, 351, 16303, 21.08
2026/04/05 18:08:50.785, 0, 0, 351, 16303, 20.89
2026/04/05 18:08:51.785, 0, 0, 351, 16303, 21.00
2026/04/05 18:08:52.785, 0, 0, 351, 16303, 21.33
2026/04/05 18:08:53.785, 0, 0, 351, 16303, 21.22
2026/04/05 18:08:54.785, 0, 0, 351, 16303, 21.19
2026/04/05 18:08:55.786, 0, 0, 351, 16303, 21.30
2026/04/05 18:08:56.786, 0, 0, 351, 16303, 21.42
2026/04/05 18:08:57.786, 0, 0, 351, 16303, 21.42
2026/04/05 18:08:58.786, 0, 0, 351, 16303, 21.54
2026/04/05 18:08:59.787, 0, 0, 351, 16303, 21.48
2026/04/05 18:09:00.787, 0, 0, 351, 16303, 21.13
2026/04/05 18:09:01.787, 0, 0, 351, 16303, 21.05
2026/04/05 18:09:02.787, 0, 0, 351, 16303, 20.92
2026/04/05 18:09:03.787, 0, 0, 351, 16303, 21.00
2026/04/05 18:09:04.788, 0, 0, 351, 16303, 21.21
2026/04/05 18:09:05.788, 0, 0, 351, 16303, 21.31
2026/04/05 18:09:06.788, 0, 0, 351, 16303, 21.32
2026/04/05 18:09:07.788, 0, 0, 351, 16303, 21.37
2026/04/05 18:09:08.788, 0, 0, 351, 16303, 21.27
2026/04/05 18:09:09.789, 0, 0, 351, 16303, 21.45
2026/04/05 18:09:10.789, 0, 0, 351, 16303, 21.54
2026/04/05 18:09:11.789, 0, 0, 351, 16303, 21.30
2026/04/05 18:09:12.789, 0, 0, 351, 16303, 21.32
2026/04/05 18:09:13.790, 0, 0, 351, 16303, 21.31
2026/04/05 18:09:14.790, 0, 0, 351, 16303, 21.28
2026/04/05 18:09:15.790, 0, 0, 351, 16303, 21.35
2026/04/05 18:09:16.790, 0, 0, 351, 16303, 21.43
2026/04/05 18:09:17.790, 0, 0, 351, 16303, 21.41
2026/04/05 18:09:18.791, 0, 0, 351, 16303, 21.38
2026/04/05 18:09:19.791, 0, 0, 351, 16303, 21.41
2026/04/05 18:09:20.791, 0, 0, 351, 16303, 21.27
2026/04/05 18:09:21.791, 0, 0, 351, 16303, 21.53
2026/04/05 18:09:22.791, 0, 0, 351, 16303, 21.31
2026/04/05 18:09:23.792, 0, 0, 351, 16303, 21.19
2026/04/05 18:09:24.792, 0, 0, 351, 16303, 21.36
2026/04/05 18:09:25.792, 0, 0, 351, 16303, 21.45
2026/04/05 18:09:26.792, 0, 0, 351, 16303, 21.62
2026/04/05 18:09:27.792, 0, 0, 351, 16303, 21.38
2026/04/05 18:09:28.793, 0, 0, 351, 16303, 21.33
2026/04/05 18:09:29.793, 0, 0, 351, 16303, 21.40
2026/04/05 18:09:30.793, 0, 0, 351, 16303, 21.15
2026/04/05 18:09:31.793, 0, 0, 351, 16303, 21.24
2026/04/05 18:09:32.793, 0, 0, 351, 16303, 21.31
2026/04/05 18:09:33.794, 0, 0, 351, 16303, 21.65
2026/04/05 18:09:34.794, 0, 0, 351, 16303, 21.51
2026/04/05 18:09:35.794, 0, 0, 351, 16303, 21.46
2026/04/05 18:09:36.794, 0, 0, 351, 16303, 21.23
2026/04/05 18:09:37.794, 0, 0, 351, 16303, 21.25
2026/04/05 18:09:38.795, 0, 0, 351, 16303, 21.24
2026/04/05 18:09:39.795, 0, 0, 351, 16303, 21.30
2026/04/05 18:09:40.795, 0, 0, 351, 16303, 21.50
2026/04/05 18:09:41.795, 0, 0, 351, 16303, 21.48
2026/04/05 18:09:42.795, 0, 0, 351, 16303, 21.36
2026/04/05 18:09:43.796, 0, 0, 351, 16303, 21.38
2026/04/05 18:09:44.796, 0, 0, 351, 16303, 21.32
2026/04/05 18:09:45.796, 0, 0, 351, 16303, 21.38
2026/04/05 18:09:46.796, 0, 0, 351, 16303, 21.30
2026/04/05 18:09:47.796, 0, 0, 351, 16303, 21.41
2026/04/05 18:09:48.797, 0, 0, 351, 16303, 21.41
2026/04/05 18:09:49.797, 0, 0, 351, 16303, 21.28
2026/04/05 18:09:50.797, 0, 0, 351, 16303, 21.36
2026/04/05 18:09:51.797, 0, 0, 351, 16303, 21.34
2026/04/05 18:09:52.797, 0, 0, 351, 16303, 21.17
2026/04/05 18:09:53.798, 0, 0, 351, 16303, 21.28
2026/04/05 18:09:54.798, 0, 0, 351, 16303, 21.21
2026/04/05 18:09:55.798, 0, 0, 351, 16303, 21.24
2026/04/05 18:09:56.798, 0, 0, 351, 16303, 21.18
2026/04/05 18:09:57.799, 0, 0, 351, 16303, 21.03
2026/04/05 18:09:58.799, 0, 0, 351, 16303, 21.18
2026/04/05 18:09:59.799, 0, 0, 351, 16303, 21.40
2026/04/05 18:10:00.799, 0, 0, 351, 16303, 21.57
2026/04/05 18:10:01.799, 0, 0, 351, 16303, 21.63
2026/04/05 18:10:02.799, 0, 0, 351, 16303, 21.66
2026/04/05 18:10:03.800, 0, 0, 351, 16303, 21.36
2026/04/05 18:10:04.800, 0, 0, 351, 16303, 21.31
2026/04/05 18:10:05.800, 0, 0, 351, 16303, 21.26
2026/04/05 18:10:06.800, 0, 0, 351, 16303, 21.32
2026/04/05 18:10:07.801, 0, 0, 351, 16303, 21.46
2026/04/05 18:10:08.801, 0, 0, 351, 16303, 21.47
2026/04/05 18:10:09.801, 0, 0, 351, 16303, 21.40
2026/04/05 18:10:10.801, 0, 0, 351, 16303, 21.22
2026/04/05 18:10:11.801, 0, 0, 351, 16303, 21.20
2026/04/05 18:10:12.802, 0, 0, 351, 16303, 21.21
2026/04/05 18:10:13.802, 0, 0, 351, 16303, 21.21
2026/04/05 18:10:14.802, 0, 0, 351, 16303, 21.19
2026/04/05 18:10:15.802, 0, 0, 351, 16303, 21.23
2026/04/05 18:10:16.802, 0, 0, 351, 16303, 21.33
2026/04/05 18:10:17.803, 0, 0, 351, 16303, 21.29
2026/04/05 18:10:18.803, 0, 0, 351, 16303, 21.34
2026/04/05 18:10:19.803, 0, 0, 351, 16303, 21.36
2026/04/05 18:10:20.803, 0, 0, 351, 16303, 21.26
2026/04/05 18:10:21.804, 0, 0, 351, 16303, 21.16
2026/04/05 18:10:22.804, 0, 0, 351, 16303, 21.04
2026/04/05 18:10:23.804, 0, 0, 351, 16303, 21.06
2026/04/05 18:10:24.804, 0, 0, 351, 16303, 21.01
2026/04/05 18:10:25.804, 0, 0, 351, 16303, 21.07
2026/04/05 18:10:26.805, 0, 0, 351, 16303, 21.34
2026/04/05 18:10:27.805, 0, 0, 351, 16303, 21.15
2026/04/05 18:10:28.805, 0, 0, 351, 16303, 21.16
2026/04/05 18:10:29.805, 0, 0, 351, 16303, 21.18
2026/04/05 18:10:30.805, 0, 0, 351, 16303, 21.32
2026/04/05 18:10:31.806, 0, 0, 351, 16303, 21.46
2026/04/05 18:10:32.806, 0, 0, 351, 16303, 21.47
2026/04/05 18:10:33.806, 0, 0, 351, 16303, 21.08
2026/04/05 18:10:34.806, 0, 0, 351, 16303, 21.09
2026/04/05 18:10:35.806, 0, 0, 351, 16303, 21.20
2026/04/05 18:10:36.807, 0, 0, 351, 16303, 21.19
2026/04/05 18:10:37.807, 0, 0, 351, 16303, 21.21
2026/04/05 18:10:38.807, 0, 0, 351, 16303, 21.43
2026/04/05 18:10:39.807, 0, 0, 351, 16303, 21.57
2026/04/05 18:10:40.807, 0, 0, 351, 16303, 21.47
2026/04/05 18:10:41.808, 0, 0, 351, 16303, 21.41
2026/04/05 18:10:42.808, 0, 0, 351, 16303, 21.36
2026/04/05 18:10:43.808, 0, 0, 351, 16303, 21.25
2026/04/05 18:10:44.808, 0, 0, 351, 16303, 21.20
2026/04/05 18:10:45.808, 0, 0, 351, 16303, 21.15
2026/04/05 18:10:46.809, 0, 0, 351, 16303, 21.40
2026/04/05 18:10:47.809, 0, 0, 351, 16303, 21.30
2026/04/05 18:10:48.809, 0, 0, 351, 16303, 21.21
2026/04/05 18:10:49.809, 0, 0, 351, 16303, 21.01
2026/04/05 18:10:50.809, 0, 0, 351, 16303, 21.08
2026/04/05 18:10:51.810, 0, 0, 351, 16303, 21.42
2026/04/05 18:10:52.810, 0, 0, 351, 16303, 21.22
2026/04/05 18:10:53.810, 0, 0, 351, 16303, 21.15
2026/04/05 18:10:54.810, 0, 0, 351, 16303, 20.75
2026/04/05 18:10:55.810, 0, 0, 351, 16303, 21.24
2026/04/05 18:10:56.811, 0, 0, 351, 16303, 21.16
2026/04/05 18:10:57.811, 0, 0, 351, 16303, 21.20
2026/04/05 18:10:58.811, 0, 0, 351, 16303, 21.46
2026/04/05 18:10:59.811, 0, 0, 351, 16303, 21.44
2026/04/05 18:11:00.811, 0, 0, 351, 16303, 21.32
2026/04/05 18:11:01.812, 0, 0, 351, 16303, 21.50
2026/04/05 18:11:02.812, 0, 0, 351, 16303, 21.34
2026/04/05 18:11:03.812, 0, 0, 351, 16303, 21.50
2026/04/05 18:11:04.812, 0, 0, 351, 16303, 21.36
2026/04/05 18:11:05.812, 0, 0, 351, 16303, 21.40
2026/04/05 18:11:06.813, 0, 0, 351, 16303, 21.43
2026/04/05 18:11:07.813, 0, 0, 351, 16303, 21.21
2026/04/05 18:11:08.813, 0, 0, 351, 16303, 21.16
2026/04/05 18:11:09.813, 0, 0, 351, 16303, 21.24
2026/04/05 18:11:10.813, 0, 0, 351, 16303, 21.40
2026/04/05 18:11:11.814, 0, 0, 351, 16303, 21.42
2026/04/05 18:11:12.814, 0, 0, 351, 16303, 21.68
2026/04/05 18:11:13.814, 0, 0, 351, 16303, 21.45
2026/04/05 18:11:14.814, 0, 0, 351, 16303, 21.38
2026/04/05 18:11:15.815, 0, 0, 351, 16303, 21.32
2026/04/05 18:11:16.815, 0, 0, 351, 16303, 21.32
2026/04/05 18:11:17.815, 0, 0, 351, 16303, 21.46
2026/04/05 18:11:18.815, 0, 0, 351, 16303, 21.41
2026/04/05 18:11:19.815, 0, 0, 351, 16303, 21.42
2026/04/05 18:11:20.816, 0, 0, 351, 16303, 21.43
2026/04/05 18:11:21.816, 0, 0, 351, 16303, 21.30
2026/04/05 18:11:22.816, 0, 0, 351, 16303, 21.36
2026/04/05 18:11:23.816, 0, 0, 351, 16303, 21.25
2026/04/05 18:11:24.816, 0, 0, 351, 16303, 21.26
2026/04/05 18:11:25.816, 0, 0, 351, 16303, 21.48
2026/04/05 18:11:26.817, 0, 0, 351, 16303, 21.44
2026/04/05 18:11:27.817, 0, 0, 351, 16303, 21.53
2026/04/05 18:11:28.817, 0, 0, 351, 16303, 21.27
2026/04/05 18:11:29.817, 0, 0, 351, 16303, 21.16
2026/04/05 18:11:30.818, 0, 0, 351, 16303, 20.99
2026/04/05 18:11:31.818, 0, 0, 351, 16303, 20.99
2026/04/05 18:11:32.818, 0, 0, 351, 16303, 21.03
2026/04/05 18:11:33.818, 0, 0, 351, 16303, 21.11
2026/04/05 18:11:34.818, 0, 0, 351, 16303, 21.14
2026/04/05 18:11:35.819, 0, 0, 351, 16303, 21.26
2026/04/05 18:11:36.819, 0, 0, 351, 16303, 21.12
2026/04/05 18:11:37.819, 0, 0, 351, 16303, 21.05
2026/04/05 18:11:38.819, 0, 0, 351, 16303, 20.99
2026/04/05 18:11:39.819, 0, 0, 351, 16303, 21.05
2026/04/05 18:11:40.820, 0, 0, 351, 16303, 21.24
2026/04/05 18:11:41.820, 0, 0, 351, 16303, 21.24
2026/04/05 18:11:42.820, 0, 0, 351, 16303, 21.32
2026/04/05 18:11:43.820, 0, 0, 351, 16303, 21.22
2026/04/05 18:11:44.820, 0, 0, 351, 16303, 21.06
2026/04/05 18:11:45.821, 0, 0, 351, 16303, 20.90
2026/04/05 18:11:46.821, 0, 0, 351, 16303, 21.02
2026/04/05 18:11:47.821, 0, 0, 351, 16303, 21.13
2026/04/05 18:11:48.821, 0, 0, 351, 16303, 21.26
2026/04/05 18:11:49.821, 0, 0, 351, 16303, 21.18
2026/04/05 18:11:50.822, 0, 0, 351, 16303, 21.22
2026/04/05 18:11:51.822, 0, 0, 351, 16303, 21.30
2026/04/05 18:11:52.822, 0, 0, 351, 16303, 21.45
2026/04/05 18:11:53.822, 0, 0, 351, 16303, 21.08
2026/04/05 18:11:54.822, 0, 0, 351, 16303, 21.00
2026/04/05 18:11:55.823, 0, 0, 351, 16303, 21.06
2026/04/05 18:11:56.823, 0, 0, 351, 16303, 21.12
2026/04/05 18:11:57.823, 0, 0, 351, 16303, 21.09
2026/04/05 18:11:58.823, 0, 0, 351, 16303, 21.09
2026/04/05 18:11:59.823, 0, 0, 351, 16303, 20.90
2026/04/05 18:12:00.824, 0, 0, 351, 16303, 21.28
2026/04/05 18:12:01.824, 0, 0, 351, 16303, 21.26
2026/04/05 18:12:02.824, 0, 0, 351, 16303, 21.18
2026/04/05 18:12:03.824, 0, 0, 351, 16303, 21.23
2026/04/05 18:12:04.824, 0, 0, 351, 16303, 21.27
2026/04/05 18:12:05.825, 0, 0, 351, 16303, 21.28
2026/04/05 18:12:06.825, 0, 0, 351, 16303, 21.28
2026/04/05 18:12:07.825, 0, 0, 351, 16303, 21.28
2026/04/05 18:12:08.825, 0, 0, 351, 16303, 21.23
2026/04/05 18:12:09.825, 0, 0, 351, 16303, 21.18
2026/04/05 18:12:10.826, 0, 0, 351, 16303, 21.15
2026/04/05 18:12:11.826, 0, 0, 351, 16303, 21.08
2026/04/05 18:12:12.826, 0, 0, 351, 16303, 20.95
2026/04/05 18:12:13.826, 0, 0, 351, 16303, 21.08
2026/04/05 18:12:14.826, 0, 0, 351, 16303, 21.05
2026/04/05 18:12:15.827, 0, 0, 351, 16303, 21.18
2026/04/05 18:12:16.827, 0, 0, 351, 16303, 21.28
2026/04/05 18:12:17.827, 0, 0, 351, 16303, 21.41
2026/04/05 18:12:18.827, 0, 0, 351, 16303, 21.43
2026/04/05 18:12:19.827, 0, 0, 351, 16303, 21.38
2026/04/05 18:12:20.828, 0, 0, 351, 16303, 21.16
2026/04/05 18:12:21.828, 0, 0, 351, 16303, 21.22
2026/04/05 18:12:22.828, 0, 0, 351, 16303, 21.26
2026/04/05 18:12:23.828, 0, 0, 351, 16303, 21.47
2026/04/05 18:12:24.828, 0, 0, 351, 16303, 20.93
2026/04/05 18:12:25.829, 0, 0, 351, 16303, 21.04
2026/04/05 18:12:26.829, 0, 0, 351, 16303, 21.49
2026/04/05 18:12:27.829, 0, 0, 351, 16303, 21.09
2026/04/05 18:12:28.829, 0, 0, 351, 16303, 21.16
2026/04/05 18:12:29.829, 0, 0, 351, 16303, 21.23
2026/04/05 18:12:30.830, 0, 0, 351, 16303, 21.15
2026/04/05 18:12:31.830, 0, 0, 351, 16303, 21.06
2026/04/05 18:12:32.830, 0, 0, 351, 16303, 21.06
2026/04/05 18:12:33.830, 0, 0, 351, 16303, 21.06
2026/04/05 18:12:34.831, 0, 0, 351, 16303, 21.03
2026/04/05 18:12:35.831, 0, 0, 351, 16303, 21.07
2026/04/05 18:12:36.831, 0, 0, 351, 16303, 20.99
2026/04/05 18:12:37.831, 0, 0, 351, 16303, 20.99
2026/04/05 18:12:38.832, 0, 0, 351, 16303, 21.07
2026/04/05 18:12:39.832, 0, 0, 351, 16303, 21.16
2026/04/05 18:12:40.832, 0, 0, 351, 16303, 21.19
2026/04/05 18:12:41.832, 0, 0, 351, 16303, 21.25
2026/04/05 18:12:42.832, 0, 0, 351, 16303, 21.23
2026/04/05 18:12:43.832, 0, 0, 351, 16303, 21.27
2026/04/05 18:12:44.833, 0, 0, 351, 16303, 21.06
2026/04/05 18:12:45.833, 0, 0, 351, 16303, 20.81
2026/04/05 18:12:46.833, 0, 0, 351, 16303, 20.93
2026/04/05 18:12:47.833, 0, 0, 351, 16303, 20.99
2026/04/05 18:12:48.833, 0, 0, 351, 16303, 20.98
2026/04/05 18:12:49.834, 0, 0, 351, 16303, 20.96
2026/04/05 18:12:50.834, 0, 0, 351, 16303, 20.99
2026/04/05 18:12:51.834, 0, 0, 351, 16303, 21.27
2026/04/05 18:12:52.834, 0, 0, 351, 16303, 21.17
2026/04/05 18:12:53.835, 0, 0, 351, 16303, 21.06
2026/04/05 18:12:54.835, 0, 0, 351, 16303, 20.81
2026/04/05 18:12:55.835, 0, 0, 351, 16303, 20.87
2026/04/05 18:12:56.835, 0, 0, 351, 16303, 21.01
2026/04/05 18:12:57.835, 0, 0, 351, 16303, 20.99
2026/04/05 18:12:58.836, 0, 0, 351, 16303, 20.97
2026/04/05 18:12:59.836, 0, 0, 351, 16303, 21.05
2026/04/05 18:13:00.836, 0, 0, 351, 16303, 20.96
2026/04/05 18:13:01.836, 0, 0, 351, 16303, 20.97
2026/04/05 18:13:02.836, 0, 0, 351, 16303, 20.94
2026/04/05 18:13:03.837, 0, 0, 351, 16303, 21.02
2026/04/05 18:13:04.837, 0, 0, 351, 16303, 21.06
2026/04/05 18:13:05.837, 0, 0, 351, 16303, 21.03
2026/04/05 18:13:06.837, 0, 0, 351, 16303, 20.99
2026/04/05 18:13:07.837, 0, 0, 351, 16303, 21.04
2026/04/05 18:13:08.838, 0, 0, 351, 16303, 21.00
2026/04/05 18:13:09.838, 0, 0, 351, 16303, 21.01
2026/04/05 18:13:10.838, 0, 0, 351, 16303, 21.26
2026/04/05 18:13:11.838, 0, 0, 351, 16303, 21.14
2026/04/05 18:13:12.838, 0, 0, 351, 16303, 20.92
2026/04/05 18:13:13.839, 0, 0, 351, 16303, 20.86
2026/04/05 18:13:14.839, 0, 0, 351, 16303, 20.95
2026/04/05 18:13:15.839, 0, 0, 351, 16303, 20.78
2026/04/05 18:13:16.839, 0, 0, 351, 16303, 21.04
2026/04/05 18:13:17.840, 0, 0, 351, 16303, 21.03
2026/04/05 18:13:18.840, 0, 0, 351, 16303, 21.06
2026/04/05 18:13:19.840, 0, 0, 351, 16303, 21.05
2026/04/05 18:13:20.840, 0, 0, 351, 16303, 21.13
2026/04/05 18:13:21.840, 0, 0, 351, 16303, 21.10
2026/04/05 18:13:22.840, 0, 0, 351, 16303, 21.03
2026/04/05 18:13:23.841, 0, 0, 351, 16303, 21.02
2026/04/05 18:13:24.841, 0, 0, 351, 16303, 21.33
2026/04/05 18:13:25.842, 0, 0, 351, 16303, 21.15
2026/04/05 18:13:26.842, 0, 0, 351, 16303, 21.11
2026/04/05 18:13:27.842, 0, 0, 351, 16303, 20.88
2026/04/05 18:13:28.842, 0, 0, 351, 16303, 21.02
2026/04/05 18:13:29.842, 0, 0, 351, 16303, 21.00
2026/04/05 18:13:30.843, 0, 0, 351, 16303, 21.06
2026/04/05 18:13:31.843, 0, 0, 351, 16303, 20.75
2026/04/05 18:13:32.843, 0, 0, 351, 16303, 20.92
2026/04/05 18:13:33.843, 0, 0, 351, 16303, 20.97
2026/04/05 18:13:34.843, 0, 0, 351, 16303, 20.94
2026/04/05 18:13:35.844, 0, 0, 351, 16303, 20.80
2026/04/05 18:13:36.844, 0, 0, 351, 16303, 20.95
2026/04/05 18:13:37.844, 0, 0, 351, 16303, 21.15
2026/04/05 18:13:38.844, 0, 0, 351, 16303, 21.06
2026/04/05 18:13:39.844, 0, 0, 351, 16303, 20.89
2026/04/05 18:13:40.845, 0, 0, 351, 16303, 20.96
2026/04/05 18:13:41.845, 0, 0, 351, 16303, 20.90
2026/04/05 18:13:42.845, 0, 0, 351, 16303, 21.06
2026/04/05 18:13:43.845, 0, 0, 351, 16303, 20.89
2026/04/05 18:13:44.845, 0, 0, 351, 16303, 20.94
2026/04/05 18:13:45.847, 0, 0, 351, 16303, 20.80
2026/04/05 18:13:46.847, 0, 0, 351, 16303, 21.15
2026/04/05 18:13:47.847, 0, 0, 351, 16303, 21.07
2026/04/05 18:13:48.847, 0, 0, 351, 16303, 20.97
2026/04/05 18:13:49.847, 0, 0, 351, 16303, 20.86
2026/04/05 18:13:50.848, 0, 0, 351, 16303, 20.93
2026/04/05 18:13:51.848, 0, 0, 351, 16303, 20.95
2026/04/05 18:13:52.848, 0, 0, 351, 16303, 20.96
2026/04/05 18:13:53.848, 0, 0, 351, 16303, 21.11
2026/04/05 18:13:54.848, 0, 0, 351, 16303, 21.13
2026/04/05 18:13:55.849, 0, 0, 351, 16303, 21.43
2026/04/05 18:13:56.849, 0, 0, 351, 16303, 21.31
2026/04/05 18:13:57.849, 0, 0, 351, 16303, 21.28
2026/04/05 18:13:58.849, 0, 0, 351, 16303, 21.33
2026/04/05 18:13:59.850, 0, 0, 351, 16303, 21.21
2026/04/05 18:14:00.850, 0, 0, 351, 16303, 21.21
2026/04/05 18:14:01.850, 0, 0, 351, 16303, 21.30
2026/04/05 18:14:02.850, 0, 0, 351, 16303, 20.91
2026/04/05 18:14:03.851, 0, 0, 351, 16303, 21.06
2026/04/05 18:14:04.851, 0, 0, 351, 16303, 21.07
2026/04/05 18:14:05.851, 0, 0, 351, 16303, 21.14
2026/04/05 18:14:06.851, 0, 0, 351, 16303, 21.26
2026/04/05 18:14:07.851, 0, 0, 351, 16303, 21.30
2026/04/05 18:14:08.852, 0, 0, 351, 16303, 21.24
2026/04/05 18:14:09.852, 0, 0, 351, 16303, 21.17
2026/04/05 18:14:10.852, 0, 0, 351, 16303, 21.15
2026/04/05 18:14:11.852, 0, 0, 351, 16303, 21.24
2026/04/05 18:14:12.853, 0, 0, 351, 16303, 21.21
2026/04/05 18:14:13.853, 0, 0, 351, 16303, 21.10
2026/04/05 18:14:14.853, 0, 0, 351, 16303, 20.97
2026/04/05 18:14:15.853, 0, 0, 351, 16303, 21.24
2026/04/05 18:14:16.853, 0, 0, 351, 16303, 21.14
2026/04/05 18:14:17.854, 0, 0, 351, 16303, 20.99
2026/04/05 18:14:18.854, 0, 0, 351, 16303, 20.80
2026/04/05 18:14:19.854, 0, 0, 351, 16303, 20.82
2026/04/05 18:14:20.854, 0, 0, 351, 16303, 20.73
2026/04/05 18:14:21.854, 0, 0, 351, 16303, 20.89
2026/04/05 18:14:22.855, 0, 0, 351, 16303, 20.93
2026/04/05 18:14:23.855, 0, 0, 351, 16303, 20.95
2026/04/05 18:14:24.855, 0, 0, 351, 16303, 20.88
2026/04/05 18:14:25.855, 0, 0, 351, 16303, 21.16
2026/04/05 18:14:26.855, 0, 0, 351, 16303, 21.22
2026/04/05 18:14:27.856, 0, 0, 351, 16303, 21.23
2026/04/05 18:14:28.856, 0, 0, 351, 16303, 21.27
2026/04/05 18:14:29.856, 0, 0, 351, 16303, 21.32
2026/04/05 18:14:30.856, 0, 0, 351, 16303, 21.24
2026/04/05 18:14:31.856, 0, 0, 351, 16303, 21.23
2026/04/05 18:14:32.857, 0, 0, 351, 16303, 21.15
2026/04/05 18:14:33.857, 0, 0, 351, 16303, 21.20
2026/04/05 18:14:34.857, 0, 0, 351, 16303, 21.17
2026/04/05 18:14:35.857, 0, 0, 351, 16303, 21.16
2026/04/05 18:14:36.857, 0, 0, 351, 16303, 21.12
2026/04/05 18:14:37.858, 0, 0, 351, 16303, 21.18
2026/04/05 18:14:38.858, 0, 0, 351, 16303, 20.90
2026/04/05 18:14:39.858, 0, 0, 351, 16303, 20.88
2026/04/05 18:14:40.858, 0, 0, 351, 16303, 21.01
2026/04/05 18:14:41.858, 0, 0, 351, 16303, 21.06
2026/04/05 18:14:42.859, 0, 0, 351, 16303, 21.16
2026/04/05 18:14:43.859, 0, 0, 351, 16303, 21.16
2026/04/05 18:14:44.859, 0, 0, 351, 16303, 21.04
2026/04/05 18:14:45.859, 0, 0, 351, 16303, 21.04
2026/04/05 18:14:46.859, 0, 0, 351, 16303, 21.12
2026/04/05 18:14:47.860, 0, 0, 351, 16303, 21.08
2026/04/05 18:14:48.860, 0, 0, 351, 16303, 21.04
2026/04/05 18:14:49.860, 0, 0, 351, 16303, 21.10
2026/04/05 18:14:50.860, 0, 0, 351, 16303, 21.21
2026/04/05 18:14:51.860, 0, 0, 351, 16303, 21.13
2026/04/05 18:14:52.861, 0, 0, 351, 16303, 21.21
2026/04/05 18:14:53.861, 0, 0, 351, 16303, 21.06
2026/04/05 18:14:54.861, 0, 0, 351, 16303, 21.17
2026/04/05 18:14:55.861, 0, 0, 351, 16303, 21.07
2026/04/05 18:14:56.861, 0, 0, 351, 16303, 21.10
2026/04/05 18:14:57.861, 0, 0, 351, 16303, 21.09
2026/04/05 18:14:58.862, 0, 0, 351, 16303, 21.10
2026/04/05 18:14:59.862, 0, 0, 351, 16303, 21.09
2026/04/05 18:15:00.862, 0, 0, 351, 16303, 21.09
2026/04/05 18:15:01.862, 0, 0, 351, 16303, 21.28
2026/04/05 18:15:02.862, 0, 0, 351, 16303, 21.58
2026/04/05 18:15:03.863, 0, 0, 351, 16303, 21.41
2026/04/05 18:15:04.863, 0, 0, 351, 16303, 21.25
2026/04/05 18:15:05.863, 0, 0, 351, 16303, 21.04
2026/04/05 18:15:06.863, 0, 0, 351, 16303, 21.20
2026/04/05 18:15:07.864, 0, 0, 351, 16303, 21.08
2026/04/05 18:15:08.864, 0, 0, 351, 16303, 21.33
2026/04/05 18:15:09.864, 0, 0, 351, 16303, 21.31
2026/04/05 18:15:10.864, 0, 0, 351, 16303, 21.34
2026/04/05 18:15:11.864, 0, 0, 351, 16303, 21.25
2026/04/05 18:15:12.864, 0, 0, 351, 16303, 21.20
2026/04/05 18:15:13.865, 0, 0, 351, 16303, 21.10
2026/04/05 18:15:14.865, 0, 0, 351, 16303, 21.07
2026/04/05 18:15:15.865, 0, 0, 351, 16303, 21.01
2026/04/05 18:15:16.865, 0, 0, 351, 16303, 21.31
2026/04/05 18:15:17.865, 0, 0, 351, 16303, 21.32
2026/04/05 18:15:18.866, 0, 0, 351, 16303, 21.49
2026/04/05 18:15:19.866, 0, 0, 351, 16303, 21.30
2026/04/05 18:15:20.866, 0, 0, 351, 16303, 21.26
2026/04/05 18:15:21.866, 0, 0, 351, 16303, 21.24
2026/04/05 18:15:22.866, 0, 0, 351, 16303, 21.26
2026/04/05 18:15:23.867, 0, 0, 351, 16303, 21.29
2026/04/05 18:15:24.867, 0, 0, 351, 16303, 21.22
2026/04/05 18:15:25.867, 0, 0, 351, 16303, 21.21
2026/04/05 18:15:26.867, 0, 0, 351, 16303, 21.27
2026/04/05 18:15:27.867, 0, 0, 351, 16303, 21.31
2026/04/05 18:15:28.868, 0, 0, 351, 16303, 21.00
2026/04/05 18:15:29.868, 0, 0, 351, 16303, 21.01
2026/04/05 18:15:30.868, 0, 0, 351, 16303, 21.00
2026/04/05 18:15:31.868, 0, 0, 351, 16303, 21.12
2026/04/05 18:15:32.868, 0, 0, 351, 16303, 21.24
2026/04/05 18:15:33.869, 0, 0, 351, 16303, 21.25
2026/04/05 18:15:34.869, 0, 0, 351, 16303, 21.23
2026/04/05 18:15:35.869, 0, 0, 351, 16303, 21.17
2026/04/05 18:15:36.869, 0, 0, 351, 16303, 21.18
2026/04/05 18:15:37.869, 0, 0, 351, 16303, 21.22
2026/04/05 18:15:38.870, 0, 0, 351, 16303, 21.43
2026/04/05 18:15:39.870, 0, 0, 351, 16303, 21.50
2026/04/05 18:15:40.870, 0, 0, 351, 16303, 21.30
2026/04/05 18:15:41.870, 0, 0, 351, 16303, 20.76
2026/04/05 18:15:42.870, 0, 0, 351, 16303, 21.06
2026/04/05 18:15:43.871, 0, 0, 351, 16303, 21.04
2026/04/05 18:15:44.871, 0, 0, 351, 16303, 20.98
2026/04/05 18:15:45.871, 0, 0, 351, 16303, 20.86
2026/04/05 18:15:46.871, 0, 0, 351, 16303, 20.94
2026/04/05 18:15:47.872, 0, 0, 351, 16303, 21.22
2026/04/05 18:15:48.872, 0, 0, 351, 16303, 21.11
2026/04/05 18:15:49.872, 0, 0, 351, 16303, 21.21
2026/04/05 18:15:50.872, 0, 0, 351, 16303, 21.10
2026/04/05 18:15:51.872, 0, 0, 351, 16303, 21.01
2026/04/05 18:15:52.873, 0, 0, 351, 16303, 21.17
2026/04/05 18:15:53.873, 0, 0, 351, 16303, 20.99
2026/04/05 18:15:54.873, 0, 0, 351, 16303, 20.97
2026/04/05 18:15:55.873, 0, 0, 351, 16303, 21.10
2026/04/05 18:15:56.873, 0, 0, 351, 16303, 21.05
2026/04/05 18:15:57.874, 0, 0, 351, 16303, 21.18
2026/04/05 18:15:58.874, 0, 0, 351, 16303, 21.31
2026/04/05 18:15:59.874, 0, 0, 351, 16303, 21.33
2026/04/05 18:16:00.874, 0, 0, 351, 16303, 21.20
2026/04/05 18:16:01.874, 0, 0, 351, 16303, 21.12
2026/04/05 18:16:02.875, 0, 0, 351, 16303, 21.27
2026/04/05 18:16:03.875, 0, 0, 351, 16303, 21.42
2026/04/05 18:16:04.875, 0, 0, 351, 16303, 21.33
2026/04/05 18:16:05.875, 0, 0, 351, 16303, 21.17
2026/04/05 18:16:06.875, 0, 0, 351, 16303, 21.44
2026/04/05 18:16:07.876, 0, 0, 351, 16303, 21.49
2026/04/05 18:16:08.876, 0, 0, 351, 16303, 21.43
2026/04/05 18:16:09.876, 0, 0, 351, 16303, 21.13
2026/04/05 18:16:10.876, 0, 0, 351, 16303, 21.23
2026/04/05 18:16:11.876, 0, 0, 351, 16303, 21.28
2026/04/05 18:16:12.877, 0, 0, 351, 16303, 21.34
2026/04/05 18:16:13.877, 0, 0, 351, 16303, 21.25
2026/04/05 18:16:14.877, 0, 0, 351, 16303, 21.14
2026/04/05 18:16:15.877, 0, 0, 351, 16303, 21.10
2026/04/05 18:16:16.877, 0, 0, 351, 16303, 21.48
2026/04/05 18:16:17.878, 0, 0, 351, 16303, 21.44
2026/04/05 18:16:18.878, 0, 0, 351, 16303, 21.40
2026/04/05 18:16:19.878, 0, 0, 351, 16303, 21.37
2026/04/05 18:16:20.878, 0, 0, 351, 16303, 21.33
2026/04/05 18:16:21.878, 0, 0, 351, 16303, 21.42
2026/04/05 18:16:22.879, 0, 0, 351, 16303, 21.44
2026/04/05 18:16:23.879, 0, 0, 351, 16303, 21.42
2026/04/05 18:16:24.879, 0, 0, 351, 16303, 21.15
2026/04/05 18:16:25.879, 0, 0, 351, 16303, 21.13
2026/04/05 18:16:26.880, 0, 0, 351, 16303, 21.25
2026/04/05 18:16:27.880, 0, 0, 351, 16303, 21.20
2026/04/05 18:16:28.880, 0, 0, 351, 16303, 21.31
2026/04/05 18:16:29.880, 0, 0, 351, 16303, 21.20
2026/04/05 18:16:30.880, 0, 0, 351, 16303, 21.14
2026/04/05 18:16:31.881, 0, 0, 351, 16303, 21.02
2026/04/05 18:16:32.881, 0, 0, 351, 16303, 20.99
2026/04/05 18:16:33.881, 0, 0, 351, 16303, 21.17
2026/04/05 18:16:34.881, 0, 0, 351, 16303, 21.26
2026/04/05 18:16:35.881, 0, 0, 351, 16303, 21.16
2026/04/05 18:16:36.882, 0, 0, 351, 16303, 21.17
2026/04/05 18:16:37.882, 0, 0, 351, 16303, 21.27
2026/04/05 18:16:38.882, 0, 0, 351, 16303, 21.29
2026/04/05 18:16:39.882, 0, 0, 351, 16303, 21.09
2026/04/05 18:16:40.882, 0, 0, 351, 16303, 21.22
2026/04/05 18:16:41.883, 0, 0, 351, 16303, 21.36
2026/04/05 18:16:42.883, 0, 0, 351, 16303, 21.37
2026/04/05 18:16:43.883, 0, 0, 351, 16303, 21.20
2026/04/05 18:16:44.883, 0, 0, 351, 16303, 21.26
2026/04/05 18:16:45.883, 0, 0, 351, 16303, 21.24
2026/04/05 18:16:46.884, 0, 0, 351, 16303, 21.22
2026/04/05 18:16:47.884, 0, 0, 351, 16303, 21.30
2026/04/05 18:16:48.884, 0, 0, 351, 16303, 21.29
2026/04/05 18:16:49.884, 0, 0, 351, 16303, 21.26
2026/04/05 18:16:50.884, 0, 0, 351, 16303, 20.99
2026/04/05 18:16:51.885, 0, 0, 351, 16303, 21.08
2026/04/05 18:16:52.885, 0, 0, 351, 16303, 21.12
2026/04/05 18:16:53.885, 0, 0, 351, 16303, 21.04
2026/04/05 18:16:54.885, 0, 0, 351, 16303, 20.91
2026/04/05 18:16:55.885, 0, 0, 351, 16303, 20.94
2026/04/05 18:16:56.886, 0, 0, 351, 16303, 21.03
2026/04/05 18:16:57.886, 0, 0, 351, 16303, 21.02
2026/04/05 18:16:58.886, 0, 0, 351, 16303, 21.02
2026/04/05 18:16:59.886, 0, 0, 351, 16303, 20.87
2026/04/05 18:17:00.887, 0, 0, 351, 16303, 21.04
2026/04/05 18:17:01.887, 0, 0, 351, 16303, 21.14
2026/04/05 18:17:02.887, 0, 0, 351, 16303, 21.14
2026/04/05 18:17:03.887, 0, 0, 351, 16303, 21.19
2026/04/05 18:17:04.887, 0, 0, 351, 16303, 21.27
2026/04/05 18:17:05.888, 0, 0, 351, 16303, 21.20
2026/04/05 18:17:06.888, 0, 0, 351, 16303, 21.00
2026/04/05 18:17:07.888, 0, 0, 351, 16303, 20.94
2026/04/05 18:17:08.888, 0, 0, 351, 16303, 21.10
2026/04/05 18:17:09.888, 0, 0, 351, 16303, 21.38
2026/04/05 18:17:10.889, 0, 0, 351, 16303, 21.19
2026/04/05 18:17:11.889, 0, 0, 351, 16303, 21.23
2026/04/05 18:17:12.889, 0, 0, 351, 16303, 21.13
2026/04/05 18:17:13.889, 0, 0, 351, 16303, 21.21
2026/04/05 18:17:14.890, 0, 0, 351, 16303, 21.14
2026/04/05 18:17:15.890, 0, 0, 351, 16303, 20.89
2026/04/05 18:17:16.890, 0, 0, 351, 16303, 20.89
2026/04/05 18:17:17.890, 0, 0, 351, 16303, 20.86
2026/04/05 18:17:18.890, 0, 0, 351, 16303, 20.84
2026/04/05 18:17:19.891, 0, 0, 351, 16303, 20.95
2026/04/05 18:17:20.891, 0, 0, 351, 16303, 20.82
2026/04/05 18:17:21.891, 0, 0, 351, 16303, 20.83
2026/04/05 18:17:22.891, 0, 0, 351, 16303, 20.79
2026/04/05 18:17:23.891, 0, 0, 351, 16303, 20.94
2026/04/05 18:17:24.892, 0, 0, 351, 16303, 20.93
2026/04/05 18:17:25.892, 0, 0, 351, 16303, 20.92
2026/04/05 18:17:26.892, 0, 0, 351, 16303, 21.02
2026/04/05 18:17:27.892, 0, 0, 351, 16303, 21.01
2026/04/05 18:17:28.892, 0, 0, 351, 16303, 21.07
2026/04/05 18:17:29.893, 0, 0, 351, 16303, 21.03
2026/04/05 18:17:30.893, 0, 0, 351, 16303, 20.75
2026/04/05 18:17:31.893, 0, 0, 351, 16303, 20.82
2026/04/05 18:17:32.893, 0, 0, 351, 16303, 20.70
2026/04/05 18:17:33.893, 0, 0, 351, 16303, 20.80
2026/04/05 18:17:34.894, 0, 0, 351, 16303, 21.19
2026/04/05 18:17:35.894, 0, 0, 351, 16303, 20.91
2026/04/05 18:17:36.894, 0, 0, 351, 16303, 20.88
2026/04/05 18:17:37.894, 0, 0, 351, 16303, 20.89
2026/04/05 18:17:38.894, 0, 0, 351, 16303, 20.87
2026/04/05 18:17:39.895, 0, 0, 351, 16303, 21.04
2026/04/05 18:17:40.895, 0, 0, 351, 16303, 20.94
2026/04/05 18:17:41.895, 0, 0, 351, 16303, 20.88
2026/04/05 18:17:42.895, 0, 0, 351, 16303, 20.69
2026/04/05 18:17:43.895, 0, 0, 351, 16303, 20.63
2026/04/05 18:17:44.896, 0, 0, 351, 16303, 20.59
2026/04/05 18:17:45.896, 0, 0, 351, 16303, 20.60
2026/04/05 18:17:46.896, 0, 0, 351, 16303, 20.71
2026/04/05 18:17:47.896, 0, 0, 351, 16303, 20.87
2026/04/05 18:17:48.896, 0, 0, 351, 16303, 20.86
2026/04/05 18:17:49.897, 0, 0, 351, 16303, 20.92
2026/04/05 18:17:50.897, 0, 0, 351, 16303, 20.86
2026/04/05 18:17:51.897, 0, 0, 351, 16303, 20.75
2026/04/05 18:17:52.897, 0, 0, 351, 16303, 20.77
2026/04/05 18:17:53.897, 0, 0, 351, 16303, 20.86
2026/04/05 18:17:54.898, 0, 0, 351, 16303, 21.14
2026/04/05 18:17:55.898, 0, 0, 351, 16303, 20.99
2026/04/05 18:17:56.898, 0, 0, 351, 16303, 20.91
2026/04/05 18:17:57.898, 0, 0, 351, 16303, 20.99
2026/04/05 18:17:58.898, 0, 0, 351, 16303, 21.05
2026/04/05 18:17:59.899, 0, 0, 351, 16303, 21.07
2026/04/05 18:18:00.899, 0, 0, 351, 16303, 20.91
2026/04/05 18:18:01.899, 0, 0, 351, 16303, 21.01
2026/04/05 18:18:02.899, 0, 0, 351, 16303, 21.09
2026/04/05 18:18:03.899, 0, 0, 351, 16303, 20.92
2026/04/05 18:18:04.900, 0, 0, 351, 16303, 20.82
2026/04/05 18:18:05.900, 0, 0, 351, 16303, 20.99
2026/04/05 18:18:06.900, 0, 0, 351, 16303, 21.06
2026/04/05 18:18:07.900, 0, 0, 351, 16303, 21.06
2026/04/05 18:18:08.901, 0, 0, 351, 16303, 20.96
2026/04/05 18:18:09.901, 0, 0, 351, 16303, 20.92
2026/04/05 18:18:10.901, 0, 0, 351, 16303, 20.93
2026/04/05 18:18:11.901, 0, 0, 351, 16303, 20.92
2026/04/05 18:18:12.901, 0, 0, 351, 16303, 21.09
2026/04/05 18:18:13.902, 0, 0, 351, 16303, 21.08
2026/04/05 18:18:14.902, 0, 0, 351, 16303, 21.16
2026/04/05 18:18:15.902, 0, 0, 351, 16303, 21.23
2026/04/05 18:18:16.902, 0, 0, 351, 16303, 21.14
2026/04/05 18:18:17.902, 0, 0, 351, 16303, 21.00
2026/04/05 18:18:18.903, 0, 0, 351, 16303, 21.02
2026/04/05 18:18:19.903, 0, 0, 351, 16303, 20.95
2026/04/05 18:18:20.903, 0, 0, 351, 16303, 21.02
2026/04/05 18:18:21.903, 0, 0, 351, 16303, 21.04
2026/04/05 18:18:22.903, 0, 0, 351, 16303, 21.03
2026/04/05 18:18:23.903, 0, 0, 351, 16303, 20.98
2026/04/05 18:18:24.904, 0, 0, 351, 16303, 20.92
2026/04/05 18:18:25.904, 0, 0, 351, 16303, 21.00
2026/04/05 18:18:26.904, 0, 0, 351, 16303, 21.00
2026/04/05 18:18:27.904, 0, 0, 351, 16303, 21.07
2026/04/05 18:18:28.904, 0, 0, 351, 16303, 21.20
2026/04/05 18:18:29.905, 0, 0, 351, 16303, 21.21
2026/04/05 18:18:30.905, 0, 0, 351, 16303, 21.17
2026/04/05 18:18:31.905, 0, 0, 351, 16303, 21.22
2026/04/05 18:18:32.905, 0, 0, 351, 16303, 21.35
2026/04/05 18:18:33.905, 0, 0, 351, 16303, 21.44
2026/04/05 18:18:34.906, 0, 0, 351, 16303, 21.41
2026/04/05 18:18:35.906, 0, 0, 351, 16303, 21.37
2026/04/05 18:18:36.906, 0, 0, 351, 16303, 21.25
2026/04/05 18:18:37.906, 0, 0, 351, 16303, 21.22
2026/04/05 18:18:38.906, 0, 0, 351, 16303, 21.22
2026/04/05 18:18:39.907, 0, 0, 351, 16303, 21.17
2026/04/05 18:18:40.907, 0, 0, 351, 16303, 21.11
2026/04/05 18:18:41.907, 0, 0, 351, 16303, 21.18
2026/04/05 18:18:42.907, 0, 0, 351, 16303, 21.19
2026/04/05 18:18:43.907, 0, 0, 351, 16303, 21.28
2026/04/05 18:18:44.907, 0, 0, 351, 16303, 21.28
2026/04/05 18:18:45.908, 0, 0, 351, 16303, 21.19
2026/04/05 18:18:46.908, 0, 0, 351, 16303, 21.10
2026/04/05 18:18:47.908, 0, 0, 351, 16303, 21.21
2026/04/05 18:18:48.908, 0, 0, 351, 16303, 21.29
2026/04/05 18:18:49.909, 0, 0, 351, 16303, 21.35
2026/04/05 18:18:50.909, 0, 0, 351, 16303, 21.41
2026/04/05 18:18:51.909, 0, 0, 351, 16303, 21.56
2026/04/05 18:18:52.909, 0, 0, 351, 16303, 21.51
2026/04/05 18:18:53.909, 0, 0, 351, 16303, 21.44
2026/04/05 18:18:54.910, 0, 0, 351, 16303, 21.48
2026/04/05 18:18:55.910, 0, 0, 351, 16303, 21.44
2026/04/05 18:18:56.910, 0, 0, 351, 16303, 21.34
2026/04/05 18:18:57.910, 0, 0, 351, 16303, 21.28
2026/04/05 18:18:58.910, 0, 0, 351, 16303, 21.28
2026/04/05 18:18:59.911, 0, 0, 351, 16303, 21.24
2026/04/05 18:19:00.911, 0, 0, 351, 16303, 21.17
2026/04/05 18:19:01.911, 0, 0, 351, 16303, 21.30
2026/04/05 18:19:02.911, 0, 0, 351, 16303, 20.98
2026/04/05 18:19:03.911, 0, 0, 351, 16303, 21.28
2026/04/05 18:19:04.912, 0, 0, 351, 16303, 21.15
2026/04/05 18:19:05.912, 0, 0, 351, 16303, 21.00
2026/04/05 18:19:06.912, 0, 0, 351, 16303, 21.11
2026/04/05 18:19:07.912, 0, 0, 351, 16303, 21.28
2026/04/05 18:19:08.912, 0, 0, 351, 16303, 21.16
2026/04/05 18:19:09.913, 0, 0, 351, 16303, 20.83
2026/04/05 18:19:10.913, 0, 0, 351, 16303, 20.85
2026/04/05 18:19:11.913, 0, 0, 351, 16303, 21.01
2026/04/05 18:19:12.913, 0, 0, 351, 16303, 21.17
2026/04/05 18:19:13.913, 0, 0, 351, 16303, 21.12
2026/04/05 18:19:14.914, 0, 0, 351, 16303, 20.87
2026/04/05 18:19:15.914, 0, 0, 351, 16303, 20.94
2026/04/05 18:19:16.914, 0, 0, 351, 16303, 20.90
2026/04/05 18:19:17.914, 0, 0, 351, 16303, 20.84
2026/04/05 18:19:18.915, 0, 0, 351, 16303, 20.87
2026/04/05 18:19:19.915, 0, 0, 351, 16303, 20.99
2026/04/05 18:19:20.915, 0, 0, 351, 16303, 20.92
2026/04/05 18:19:21.915, 0, 0, 351, 16303, 20.97
2026/04/05 18:19:22.915, 0, 0, 351, 16303, 20.95
2026/04/05 18:19:23.916, 0, 0, 351, 16303, 20.84
2026/04/05 18:19:24.916, 0, 0, 351, 16303, 20.85
2026/04/05 18:19:25.916, 0, 0, 351, 16303, 20.78
2026/04/05 18:19:26.916, 0, 0, 351, 16303, 20.94
2026/04/05 18:19:27.916, 0, 0, 351, 16303, 20.76
2026/04/05 18:19:28.917, 0, 0, 351, 16303, 20.83
2026/04/05 18:19:29.917, 0, 0, 351, 16303, 21.02
2026/04/05 18:19:30.917, 0, 0, 351, 16303, 21.27
2026/04/05 18:19:31.917, 0, 0, 351, 16303, 21.41
2026/04/05 18:19:32.917, 0, 0, 351, 16303, 21.33
2026/04/05 18:19:33.918, 0, 0, 351, 16303, 21.07
2026/04/05 18:19:34.918, 0, 0, 351, 16303, 21.05
2026/04/05 18:19:35.918, 0, 0, 351, 16303, 20.97
2026/04/05 18:19:36.918, 0, 0, 351, 16303, 20.95
2026/04/05 18:19:37.918, 0, 0, 351, 16303, 20.89
2026/04/05 18:19:38.919, 0, 0, 351, 16303, 20.80
2026/04/05 18:19:39.919, 0, 0, 351, 16303, 20.69
2026/04/05 18:19:40.919, 0, 0, 351, 16303, 20.98
2026/04/05 18:19:41.919, 0, 0, 351, 16303, 21.17
2026/04/05 18:19:42.919, 0, 0, 351, 16303, 21.09
2026/04/05 18:19:43.920, 0, 0, 351, 16303, 20.75
2026/04/05 18:19:44.920, 0, 0, 351, 16303, 20.77
2026/04/05 18:19:45.920, 0, 0, 351, 16303, 20.83
2026/04/05 18:19:46.920, 0, 0, 351, 16303, 20.97
2026/04/05 18:19:47.920, 0, 0, 351, 16303, 20.91
2026/04/05 18:19:48.921, 0, 0, 351, 16303, 20.97
2026/04/05 18:19:49.921, 0, 0, 351, 16303, 20.99
2026/04/05 18:19:50.921, 0, 0, 351, 16303, 21.01
2026/04/05 18:19:51.921, 0, 0, 351, 16303, 20.95
2026/04/05 18:19:52.921, 0, 0, 351, 16303, 21.07
2026/04/05 18:19:53.922, 0, 0, 351, 16303, 21.07
2026/04/05 18:19:54.922, 0, 0, 351, 16303, 20.97
2026/04/05 18:19:55.922, 0, 0, 351, 16303, 20.97
2026/04/05 18:19:56.922, 0, 0, 351, 16303, 20.94
2026/04/05 18:19:57.922, 0, 0, 351, 16303, 20.84
2026/04/05 18:19:58.923, 0, 0, 351, 16303, 21.00
2026/04/05 18:19:59.923, 0, 0, 351, 16303, 21.02
2026/04/05 18:20:00.923, 0, 0, 351, 16303, 20.94
2026/04/05 18:20:01.923, 0, 0, 351, 16303, 21.02
2026/04/05 18:20:02.923, 0, 0, 351, 16303, 21.19
2026/04/05 18:20:03.924, 0, 0, 351, 16303, 20.97
2026/04/05 18:20:04.924, 0, 0, 351, 16303, 21.15
2026/04/05 18:20:05.924, 0, 0, 351, 16303, 21.25
2026/04/05 18:20:06.924, 0, 0, 351, 16303, 21.13
2026/04/05 18:20:07.924, 0, 0, 351, 16303, 21.11
2026/04/05 18:20:08.925, 0, 0, 351, 16303, 21.09
2026/04/05 18:20:09.925, 0, 0, 351, 16303, 21.02
2026/04/05 18:20:10.925, 0, 0, 351, 16303, 21.07
2026/04/05 18:20:11.925, 0, 0, 351, 16303, 21.07
2026/04/05 18:20:12.925, 0, 0, 351, 16303, 21.12
2026/04/05 18:20:13.926, 0, 0, 351, 16303, 21.08
2026/04/05 18:20:14.926, 0, 0, 351, 16303, 21.02
2026/04/05 18:20:15.926, 0, 0, 351, 16303, 21.29
2026/04/05 18:20:16.926, 0, 0, 351, 16303, 21.24
2026/04/05 18:20:17.926, 0, 0, 351, 16303, 21.14
2026/04/05 18:20:18.927, 0, 0, 351, 16303, 21.02
2026/04/05 18:20:19.927, 0, 0, 351, 16303, 20.99
2026/04/05 18:20:20.927, 0, 0, 351, 16303, 21.04
2026/04/05 18:20:21.927, 0, 0, 351, 16303, 21.13
2026/04/05 18:20:22.928, 0, 0, 351, 16303, 21.18
2026/04/05 18:20:23.928, 0, 0, 351, 16303, 21.24
2026/04/05 18:20:24.928, 0, 0, 351, 16303, 21.07
2026/04/05 18:20:25.928, 0, 0, 351, 16303, 21.13
2026/04/05 18:20:26.928, 0, 0, 351, 16303, 21.11
2026/04/05 18:20:27.929, 0, 0, 351, 16303, 21.13
2026/04/05 18:20:28.929, 0, 0, 351, 16303, 21.12
2026/04/05 18:20:29.929, 0, 0, 351, 16303, 21.10
2026/04/05 18:20:30.929, 0, 0, 351, 16303, 20.75
2026/04/05 18:20:31.929, 0, 0, 351, 16303, 20.82
2026/04/05 18:20:32.930, 0, 0, 351, 16303, 21.14
2026/04/05 18:20:33.930, 0, 0, 351, 16303, 21.20
2026/04/05 18:20:34.930, 0, 0, 351, 16303, 20.95
2026/04/05 18:20:35.930, 0, 0, 351, 16303, 20.90
2026/04/05 18:20:36.930, 0, 0, 351, 16303, 20.99
2026/04/05 18:20:37.931, 0, 0, 351, 16303, 20.96
2026/04/05 18:20:38.931, 0, 0, 351, 16303, 20.96
2026/04/05 18:20:39.931, 0, 0, 351, 16303, 20.75
2026/04/05 18:20:40.931, 0, 0, 351, 16303, 20.85
2026/04/05 18:20:41.931, 0, 0, 351, 16303, 20.90
2026/04/05 18:20:42.932, 0, 0, 351, 16303, 21.00
2026/04/05 18:20:43.932, 0, 0, 351, 16303, 20.99
2026/04/05 18:20:44.932, 0, 0, 351, 16303, 21.00
2026/04/05 18:20:45.932, 0, 0, 351, 16303, 21.01
2026/04/05 18:20:46.932, 0, 0, 351, 16303, 20.84
2026/04/05 18:20:47.933, 0, 0, 351, 16303, 21.01
2026/04/05 18:20:48.933, 0, 0, 351, 16303, 21.13
2026/04/05 18:20:49.933, 0, 0, 351, 16303, 20.97
2026/04/05 18:20:50.933, 0, 0, 351, 16303, 20.95
2026/04/05 18:20:51.934, 0, 0, 351, 16303, 21.07
2026/04/05 18:20:52.934, 0, 0, 351, 16303, 21.25
2026/04/05 18:20:53.934, 0, 0, 351, 16303, 21.20
2026/04/05 18:20:54.934, 0, 0, 351, 16303, 21.08
2026/04/05 18:20:55.934, 0, 0, 351, 16303, 21.07
2026/04/05 18:20:56.935, 0, 0, 351, 16303, 21.05
2026/04/05 18:20:57.935, 0, 0, 351, 16303, 20.85
2026/04/05 18:20:58.935, 0, 0, 351, 16303, 20.93
2026/04/05 18:20:59.935, 0, 0, 351, 16303, 20.86
2026/04/05 18:21:00.935, 0, 0, 351, 16303, 20.75
2026/04/05 18:21:01.935, 0, 0, 351, 16303, 21.12
2026/04/05 18:21:02.936, 0, 0, 351, 16303, 21.08
